{"cameraMode":{"drawMode":0,"name":"Shaded","section":"Shading Mode"},"sceneLighting":true,"audioPlay":false,"sceneViewState":{"showFog":true,"showMaterialUpdate":false,"showSkybox":true,"showFlares":true,"showImageEffects":true,"showParticleSystems":true},"in2DMode":false,"pivot":{"x":0.445098876953125,"y":1.6763664484024048,"z":2.2060179710388185},"rotation":{"x":-0.08119911700487137,"y":-0.023010514676570894,"z":0.0018767252331599594,"w":-0.9964396953582764},"size":2.1231095790863039,"orthographic":false}