{"cameraMode":{"drawMode":0,"name":"Shaded","section":"Shading Mode"},"sceneLighting":false,"audioPlay":false,"sceneViewState":{"showFog":true,"showMaterialUpdate":false,"showSkybox":false,"showFlares":true,"showImageEffects":true,"showParticleSystems":true},"in2DMode":false,"pivot":{"x":278.15594482421877,"y":170.17015075683595,"z":-1.5387840270996094},"rotation":{"x":-0.15800873935222627,"y":-0.0878448411822319,"z":0.0141157116740942,"w":-0.9834300875663757},"size":19.178136825561525,"orthographic":false}